segment,mae_eur
semaine,4.90583716475096
week-end,10.249161217948593
